bvh_file,robot,method,n_frames,n_mapped_bodies,E_g_mpbpe_mean,E_g_mpbpe_std,E_g_mpbpe_median,E_g_mpbpe_max,E_mpbpe_mean,E_mpbpe_std,E_mpbpe_median,E_mpbpe_max
aiming1_subject1.bvh,unitree_g1,chain,200,13,0.10620742305516455,0.005102467136319529,0.10784683931520717,0.11717348828148491,0.10620742305516455,0.005102467136319528,0.10784683931520715,0.11717348828148491
aiming1_subject4.bvh,unitree_g1,chain,200,13,0.114657103788007,0.007933967653650247,0.11011148026050699,0.13811372356037221,0.114657103788007,0.007933967653650247,0.11011148026050699,0.13811372356037221
aiming2_subject2.bvh,unitree_g1,chain,200,13,0.1267745439817094,0.010845238961847928,0.13227854888576485,0.14643030907012683,0.1267745439817094,0.010845238961847926,0.13227854888576485,0.14643030907012683
aiming2_subject3.bvh,unitree_g1,chain,200,13,0.1173051262217295,0.013088932644093014,0.11758294228670099,0.14988681658779818,0.1173051262217295,0.013088932644093013,0.11758294228670099,0.14988681658779818
aiming2_subject5.bvh,unitree_g1,chain,200,13,0.11877629417414226,0.013055017467414361,0.11506077901085635,0.14615727780418267,0.11877629417414226,0.013055017467414361,0.11506077901085633,0.14615727780418267
