bvh_file,robot,method,n_frames,n_mapped_bodies,E_g_mpbpe_mean,E_g_mpbpe_std,E_g_mpbpe_median,E_g_mpbpe_max,E_mpbpe_mean,E_mpbpe_std,E_mpbpe_median,E_mpbpe_max
aiming1_subject1.bvh,unitree_g1,chain,200,13,0.1308058620504459,0.014369660217838769,0.13145524904316686,0.15529930774502262,0.1308058620504459,0.014369660217838769,0.13145524904316686,0.15529930774502262
aiming1_subject4.bvh,unitree_g1,chain,200,13,0.1336919434536899,0.021390837976059864,0.13838772746349326,0.17225834805004675,0.1336919434536899,0.021390837976059864,0.13838772746349326,0.17225834805004675
aiming2_subject2.bvh,unitree_g1,chain,200,13,0.1125444600329142,0.0034120522555235594,0.11450634437884079,0.11849155628970956,0.1125444600329142,0.00341205225552356,0.1145063443788408,0.11849155628970956
aiming2_subject3.bvh,unitree_g1,chain,200,13,0.14393039177732475,0.027434343835385774,0.14902848739451202,0.1817022094731443,0.14393039177732472,0.027434343835385774,0.14902848739451202,0.1817022094731443
aiming2_subject5.bvh,unitree_g1,chain,200,13,0.11922921192305497,0.012511910309538249,0.11633331161073782,0.15090455513022277,0.11922921192305497,0.012511910309538249,0.11633331161073782,0.15090455513022277
