bvh_file,robot,method,n_frames,n_mapped_bodies,E_g_mpbpe_mean,E_g_mpbpe_std,E_g_mpbpe_median,E_g_mpbpe_max,E_mpbpe_mean,E_mpbpe_std,E_mpbpe_median,E_mpbpe_max
aiming1_subject1.bvh,unitree_g1,ik,174,15,0.08405074798826741,0.0043978641614033824,0.08192104916800616,0.08962647916271885,0.09068056595499367,0.004380334332859699,0.08907332573460838,0.09646676694834234
aiming1_subject4.bvh,unitree_g1,ik,118,15,0.086724953492201,0.004504640746998316,0.09035814925102836,0.09202587702372389,0.09382282850390329,0.004963487141273259,0.09745452720903225,0.09953170478807939
aiming2_subject2.bvh,unitree_g1,ik,0,0,nan,,,,nan,,,
aiming2_subject3.bvh,unitree_g1,ik,110,15,0.08559785694717188,0.005846780771998555,0.09041007338433749,0.09060161031973,0.09309331502300236,0.005655919439111297,0.09771380325407152,0.09801600152024646
aiming2_subject5.bvh,unitree_g1,ik,103,15,0.08380296887705271,0.004900446246532021,0.08782207630965556,0.08837092721330433,0.09116920028319915,0.004861496269050573,0.09483427515539086,0.09557643108343634
