bvh_file,robot,method,n_frames,n_mapped_bodies,E_g_mpbpe_mean,E_g_mpbpe_std,E_g_mpbpe_median,E_g_mpbpe_max,E_mpbpe_mean,E_mpbpe_std,E_mpbpe_median,E_mpbpe_max
aiming1_subject1.bvh,unitree_g1,chain,200,13,0.10588498722680932,0.005068357182622423,0.10718016897864395,0.11704016205287185,0.10588498722680932,0.005068357182622423,0.10718016897864394,0.11704016205287185
aiming1_subject4.bvh,unitree_g1,chain,200,13,0.11302797109633621,0.007961732744541873,0.11020274058043818,0.1334901699005675,0.11302797109633621,0.007961732744541873,0.11020274058043818,0.1334901699005675
aiming2_subject2.bvh,unitree_g1,chain,200,13,0.12370623939539949,0.009871125844551706,0.12859667600097574,0.14229441331440956,0.12370623939539949,0.009871125844551706,0.12859667600097574,0.14229441331440956
aiming2_subject3.bvh,unitree_g1,chain,200,13,0.12252774930549823,0.01343058904249679,0.12002289157625531,0.15296840883348523,0.12252774930549823,0.01343058904249679,0.12002289157625531,0.15296840883348523
aiming2_subject5.bvh,unitree_g1,chain,200,13,0.11870257370563063,0.013058361844710318,0.11469609659207043,0.14615727957800204,0.11870257370563063,0.013058361844710318,0.11469609659207043,0.14615727957800204
